Heart Disease Actual,Heart Disease Prediction
9.616762,9.769941
13.495168,14.476012
10.115865,10.206149
11.843556,13.036003